<?xml version="1.0" encoding="UTF-8"?><?xml-stylesheet type='text/xsl' href='_UpgradeReport_Files/UpgradeReport.xslt'?><UpgradeLog>
<Properties><Property Name="Solution" Value="PharmacyManagement">
</Property><Property Name="Solution File" Value="C:\Documents and Settings\HP\Desktop\new arrivals\Pharmacy Management\PharmacyManagement.sln">
</Property><Property Name="Date" Value="Friday, September 16, 2016">
</Property><Property Name="Time" Value="17:26 PM">
</Property></Properties><Event ErrorLevel="0" Project="PharmacyManagement" Source="PharmacyManagement.vbproj" Description="Project converted successfully">
</Event><Event ErrorLevel="3" Project="PharmacyManagement" Source="PharmacyManagement.vbproj" Description="Converted">
</Event><Event ErrorLevel="0" Project="" Source="PharmacyManagement.sln" Description="Solution converted successfully">
</Event><Event ErrorLevel="3" Project="" Source="PharmacyManagement.sln" Description="Converted">
</Event><Event ErrorLevel="0" Project="PharmacyManagement" Source="PharmacyManagement.vbproj" Description="Scan complete: Upgrade not required for project files.">
</Event></UpgradeLog>